Pedestrian_id,Pedestrian Age,measuring_row,measuring_col,time,density,speed
1,71,0,40,3441,-0.0,1.3717421124828533
35,69,2,40,4574,-0.0,1.5825277479412816
10,58,0,40,7998,-0.0,1.2853470437017995
3,45,2,40,11390,-0.0,1.6126431220770845
6,62,1,40,15915,-0.0,1.35666802333469
